192.168.11.163,192.168.1.174,31238
192.168.11.163,email.flexibleplan.com,48
192.168.11.163,ocsp.digicert.com,44
192.168.11.163,g.live.com,20
192.168.11.163,updates.cdc.carbonblack.io,15
192.168.11.163,crl.pki.goog,8
192.168.11.163,detectportal.firefox.com,6
192.168.11.163,redirector.gvt1.com,6
192.168.11.163,ctldl.windowsupdate.com,4
192.168.11.163,r1---sn-vgqsrned.gvt1.com,4
192.168.11.163,blob.weather.microsoft.com,3
192.168.11.163,192.168.11.73,2
192.168.11.163,ocsp.pki.goog,2
192.168.11.163,r2---sn-vgqsrn7l.gvt1.com,2
192.168.11.163,weather.service.msn.com,2
192.168.11.163,acroipm2.adobe.com,1
192.168.11.163,au.download.windowsupdate.com,1
192.168.11.163,autodiscover.flexibleplan.com,1
192.168.11.163,download.amd.com,1
192.168.11.163,ocsp.msocsp.com,1
192.168.11.163,status.thawte.com,1
192.168.11.163,www.flexibleplan.com,1
192.168.11.152,192.168.1.174,29583
192.168.11.152,cdn.content.prod.cms.msn.com,90
192.168.11.152,hotline.flexibleplan.com,70
192.168.11.152,imsappserverprod,59
192.168.11.152,api-public.addthis.com,22
192.168.11.152,graph.facebook.com,22
192.168.11.152,g.live.com,20
192.168.11.152,m.addthis.com,19
192.168.11.152,www.google-analytics.com,18
192.168.11.152,updates.cdc.carbonblack.io,16
192.168.11.152,ocsp.digicert.com,11
192.168.11.152,redirector.gvt1.com,11
192.168.11.152,www.flexibleplan.com,9
192.168.11.152,r2---sn-vgqsrn76.gvt1.com,5
192.168.11.152,r2---sn-vgqsrn7l.gvt1.com,5
192.168.11.152,weather.service.msn.com,5
192.168.11.152,ctldl.windowsupdate.com,4
192.168.11.152,email.acuityscheduling.com,4
192.168.11.152,m.addthisedge.com,3
192.168.11.152,s7.addthis.com,3
192.168.11.152,su.addthis.com,3
192.168.11.152,analytics.clickdimensions.com,2
192.168.11.152,au.download.windowsupdate.com,2
192.168.11.152,imsloggingserviceprod,2
192.168.11.152,ocsp.msocsp.com,2
192.168.11.152,portal.flexibleplan.com,2
192.168.11.152,tags.bluekai.com,2
192.168.11.152,acroipm2.adobe.com,1
192.168.11.152,autodiscover.flexibleplan.com,1
192.168.11.152,cspix.media6degrees.com,1
192.168.11.152,download.amd.com,1
192.168.11.152,email.flexibleplan.com,1
192.168.11.152,emdl.ws.microsoft.com,1
192.168.11.152,r1---sn-vgqsrned.gvt1.com,1
192.168.11.152,track.eyeviewads.com,1
192.168.11.152,www.msftncsi.com,1
192.168.11.152,www.wtp101.com,1
192.168.11.142,192.168.1.174,29091
192.168.11.142,fpinv-gfi1001,152
192.168.11.142,ocsp.digicert.com,65
192.168.11.142,localpages.com,44
192.168.11.142,hotline.flexibleplan.com,40
192.168.11.142,px.moatads.com,40
192.168.11.142,www.flexibleplan.com,35
192.168.11.142,www.gfainvestments.com,30
192.168.11.142,imsappserverprod,23
192.168.11.142,ocsp.sca1b.amazontrust.com,23
192.168.11.142,portal.flexibleplan.com,21
192.168.11.142,email.flexibleplan.com,20
192.168.11.142,g.live.com,20
192.168.11.142,updates.cdc.carbonblack.io,19
192.168.11.142,ocsp.comodoca.com,18
192.168.11.142,goto.flexibleplan.com,16
192.168.11.142,ocsp.pki.goog,14
192.168.11.142,www.google-analytics.com,12
192.168.11.142,ocsp.int-x3.letsencrypt.org,11
192.168.11.142,su.addthis.com,11
192.168.11.142,autodiscover.flexibleplan.com,10
192.168.11.142,ocsp.godaddy.com,10
192.168.11.142,graph.facebook.com,9
192.168.11.142,ocsp.msocsp.com,9
192.168.11.142,api-public.addthis.com,8
192.168.11.142,m.addthis.com,8
192.168.11.142,status.geotrust.com,8
192.168.11.142,192.168.11.73,7
192.168.11.142,redirector.gvt1.com,7
192.168.11.142,shellby.xgolftech.com,7
192.168.11.142,t.lkqd.net,7
192.168.11.142,r2---sn-vgqsrn7l.gvt1.com,6
192.168.11.142,cs.lkqd.net,5
192.168.11.142,status.rapidssl.com,5
192.168.11.142,status.thawte.com,5
192.168.11.142,sumo.b-cdn.net,5
192.168.11.142,detectportal.firefox.com,4
192.168.11.142,weather.service.msn.com,4
192.168.11.142,www.maneal.advisor.news,4
192.168.11.142,ctldl.windowsupdate.com,3
192.168.11.142,dellupdater.dell.com,3
192.168.11.142,m.addthisedge.com,3
192.168.11.142,ocsp2.globalsign.com,3
192.168.11.142,sumo.com,3
192.168.11.142,tags.bluekai.com,3
192.168.11.142,www.kolbe.com,3
192.168.11.142,www.xgolfshelby.com,3
192.168.11.142,7.au.download.windowsupdate.com,2
192.168.11.142,analytics.clickdimensions.com,2
192.168.11.142,au.download.windowsupdate.com,2
192.168.11.142,blob.weather.microsoft.com,2
192.168.11.142,cm.g.doubleclick.net,2
192.168.11.142,flexibleplan.actonservice.com,2
192.168.11.142,flexibleplan.com,2
192.168.11.142,fonts.gstatic.com,2
192.168.11.142,free.bridal-shower-themes.com,2
192.168.11.142,i51.tinypic.com,2
192.168.11.142,ocsp.entrust.net,2
192.168.11.142,wallydogwear.com,2
192.168.11.142,www.aboutzipcode.com,2
192.168.11.142,www.maptechnica.com,2
192.168.11.142,www.zipcodemaps.com,2
192.168.11.142,41541.click.saabdealers.com,1
192.168.11.142,a.tribalfusion.com,1
192.168.11.142,a01.korrelate.net,1
192.168.11.142,academicbiz.typepad.com,1
192.168.11.142,acroipm2.adobe.com,1
192.168.11.142,addthis.mathtag.com,1
192.168.11.142,amedcoedu.com,1
192.168.11.142,api.facebook.com,1
192.168.11.142,blog.envole.net,1
192.168.11.142,cashplan.ca,1
192.168.11.142,cspix.media6degrees.com,1
192.168.11.142,d2px42oyb4skyz.cloudfront.net,1
192.168.11.142,digital-vector-maps.com,1
192.168.11.142,dx.bigsea.weborama.com,1
192.168.11.142,emdl.ws.microsoft.com,1
192.168.11.142,epiv.cardlytics.com,1
192.168.11.142,googleads.g.doubleclick.net,1
192.168.11.142,gotomeeting.com,1
192.168.11.142,i.imgur.com,1
192.168.11.142,image2.pubmatic.com,1
192.168.11.142,imsloggingserviceprod,1
192.168.11.142,load.sumome.com,1
192.168.11.142,mapofzipcodes.com,1
192.168.11.142,mappery.com,1
192.168.11.142,maps-orlando.com,1
192.168.11.142,njpl.yumenetworks.com,1
192.168.11.142,o.ss2.us,1
192.168.11.142,ocsp.netsolssl.com,1
192.168.11.142,ocsp.rootg2.amazontrust.com,1
192.168.11.142,ocsp.trustwave.com,1
192.168.11.142,ocsp.usertrust.com,1
192.168.11.142,p.rfihub.com,1
192.168.11.142,pixel-sync.sitescout.com,1
192.168.11.142,pixel.advertising.com,1
192.168.11.142,pl.yumenetworks.com,1
192.168.11.142,psi.tubemogul.com,1
192.168.11.142,r1---sn-vgqsrned.gvt1.com,1
192.168.11.142,rp.gwallet.com,1
192.168.11.142,s7.addthis.com,1
192.168.11.142,uselectionatlas.org,1
192.168.11.142,www.audienceinspector.com,1
192.168.11.142,www.florida-map.us,1
192.168.11.142,www.floridahealth.gov,1
192.168.11.142,www.gotomylist.com,1
192.168.11.142,www.keithmaps.com,1
192.168.11.142,www.mapofzipcodes.com,1
192.168.11.142,www.mappery.com,1
192.168.11.142,www.mapsofworld.com,1
192.168.11.142,www.myzipcodemap.com,1
192.168.11.142,www.qprop.net,1
192.168.11.142,www.trucksess.com,1
192.168.11.142,www.usdatamart.com,1
192.168.11.142,www.wall-maps.com,1
192.168.11.142,www.zip-codes.com,1
192.168.11.20,192.168.1.174,28740
192.168.11.20,g.live.com,20
192.168.11.20,updates.cdc.carbonblack.io,20
192.168.11.20,redirector.gvt1.com,16
192.168.11.20,www.google-analytics.com,16
192.168.11.20,ocsp.digicert.com,12
192.168.11.20,kolbe.com,9
192.168.11.20,weather.service.msn.com,9
192.168.11.20,ocsp.msocsp.com,7
192.168.11.20,hotline.flexibleplan.com,6
192.168.11.20,netdna.bootstrapcdn.com,5
192.168.11.20,r1---sn-vgqsrned.gvt1.com,5
192.168.11.20,r2---sn-vgqsrn76.gvt1.com,5
192.168.11.20,r5---sn-vgqsknek.gvt1.com,5
192.168.11.20,ctldl.windowsupdate.com,4
192.168.11.20,landing.adobe.com,4
192.168.11.20,ocsp.pki.goog,3
192.168.11.20,api-public.addthis.com,2
192.168.11.20,graph.facebook.com,2
192.168.11.20,su.addthis.com,2
192.168.11.20,token.onelogin.com-token-auth.com,2
192.168.11.20,7.au.download.windowsupdate.com,1
192.168.11.20,ajax.googleapis.com,1
192.168.11.20,blob.weather.microsoft.com,1
192.168.11.20,crl.verisign.com,1
192.168.11.20,cspix.media6degrees.com,1
192.168.11.20,ib.adnxs.com,1
192.168.11.20,m.addthis.com,1
192.168.11.20,m.addthisedge.com,1
192.168.11.20,pixel.geobid.com,1
192.168.11.20,pixel2.geobid.com,1
192.168.11.20,platform.twitter.com,1
192.168.11.20,r2---sn-vgqsrn7l.gvt1.com,1
192.168.11.20,smarticon.geotrust.com,1
192.168.11.20,status.geotrust.com,1
192.168.11.20,tags.bluekai.com,1
192.168.11.20,www.flexibleplan.com,1
192.168.11.20,www.googleadservices.com,1
192.168.11.20,www.kolbe.com,1
192.168.11.75,192.168.1.174,28235
192.168.11.75,email.flexibleplan.com,52
192.168.11.75,g.live.com,40
192.168.11.75,ocsp.digicert.com,32
192.168.11.75,updates.cdc.carbonblack.io,16
192.168.11.75,tile-service.weather.microsoft.com,14
192.168.11.75,ocsp.msocsp.com,12
192.168.11.75,redirector.gvt1.com,7
192.168.11.75,ocsp.pki.goog,5
192.168.11.75,r1---sn-vgqsrned.gvt1.com,5
192.168.11.75,192.168.11.73,4
192.168.11.75,blob.weather.microsoft.com,4
192.168.11.75,weather.service.msn.com,4
192.168.11.75,ccleaner.tools.avcdn.net,3
192.168.11.75,ctldl.windowsupdate.com,3
192.168.11.75,detectportal.firefox.com,3
192.168.11.75,emupdate.avcdn.net,3
192.168.11.75,ip-info.ff.avast.com,3
192.168.11.75,overseer.tools.avcdn.net,2
192.168.11.75,r2---sn-vgqsrn7l.gvt1.com,2
192.168.11.75,crl.verisign.com,1
192.168.11.75,v7event.stats.avast.com,1
192.168.11.54,uc9-eq.8x8.com,11910
192.168.11.54,ci36.actonsoftware.com,1529
192.168.11.54,ci33.actonsoftware.com,828
192.168.11.54,dppublishinginc.actonservice.com,500
192.168.11.54,proactiveadvisormagazine.com,397
192.168.11.54,d35oss0rh00qu2.cloudfront.net,279
192.168.11.54,flexibleplan.actonservice.com,270
192.168.11.54,sdr.totango.com,235
192.168.11.54,d3accju1t3mngt.cloudfront.net,61
192.168.11.54,ut.actonsoftware.com,57
192.168.11.54,m.addthis.com,53
192.168.11.54,d2px42oyb4skyz.cloudfront.net,50
192.168.11.54,tlu.dl.delivery.mp.microsoft.com,33
192.168.11.54,a37031.actonsoftware.com,30
192.168.11.54,0.gravatar.com,19
192.168.11.54,email.flexibleplan.com,16
192.168.11.54,tile-service.weather.microsoft.com,14
192.168.11.54,hotline.flexibleplan.com,13
192.168.11.54,m.addthisedge.com,13
192.168.11.54,q.addthis.com,13
192.168.11.54,autodiscover.flexibleplan.com,10
192.168.11.54,cdn.pendo.io,10
192.168.11.54,updates.cdc.carbonblack.io,10
192.168.11.54,www.flexibleplan.com,10
192.168.11.54,www.googletagmanager.com,9
192.168.11.54,su.addthis.com,7
192.168.11.54,7.tlu.dl.delivery.mp.microsoft.com,6
192.168.11.54,redirector.gvt1.com,6
192.168.11.54,dl.delivery.mp.microsoft.com,5
192.168.11.54,ocsp.digicert.com,5
192.168.11.54,173.243.138.101,4
192.168.11.54,173.243.138.104,4
192.168.11.54,192.168.11.73,4
192.168.11.54,api-public.addthis.com,4
192.168.11.54,r1---sn-vgqsrned.gvt1.com,4
192.168.11.54,www.google-analytics.com,4
192.168.11.54,blob.weather.microsoft.com,3
192.168.11.54,platform.twitter.com,3
192.168.11.54,r2---sn-vgqsrn7l.gvt1.com,3
192.168.11.54,weather.service.msn.com,3
192.168.11.54,173.243.138.102,2
192.168.11.54,173.243.138.106,2
192.168.11.54,173.243.138.108,2
192.168.11.54,3.tlu.dl.delivery.mp.microsoft.com,2
192.168.11.54,9.tlu.dl.delivery.mp.microsoft.com,2
192.168.11.54,96.45.33.106,2
192.168.11.54,cm.g.doubleclick.net,2
192.168.11.54,o.ss2.us,2
192.168.11.54,tags.bluekai.com,2
192.168.11.54,1.gravatar.com,1
192.168.11.54,2.gravatar.com,1
192.168.11.54,a.tribalfusion.com,1
192.168.11.54,acroipm2.adobe.com,1
192.168.11.54,acton.com,1
192.168.11.54,addthis.mathtag.com,1
192.168.11.54,ccleaner.tools.avcdn.net,1
192.168.11.54,cspix.media6degrees.com,1
192.168.11.54,download.amd.com,1
192.168.11.54,dx.bigsea.weborama.com,1
192.168.11.54,emupdate.avcdn.net,1
192.168.11.54,epiv.cardlytics.com,1
192.168.11.54,ib.adnxs.com,1
192.168.11.54,ip-info.ff.avast.com,1
192.168.11.54,p.rfihub.com,1
